<?xml version="1.0" encoding="utf-8"?>
<annotation>
	<source>
		<image>optic rs image</image>
		<annotation>Lmars RSDS2016</annotation>
		<flickrid>0</flickrid>
		<database>Lmars Detection Dataset of RS</database>
	</source>
	<object>
		<bndbox>
			<xmin>607</xmin>
			<ymin>75</ymin>
			<ymax>109</ymax>
			<xmax>643</xmax>
		</bndbox>
		<difficult>0</difficult>
		<pose>Left</pose>
		<name>aircraft</name>
		<truncated>1</truncated>
	</object>
	<object>
		<bndbox>
			<xmin>690</xmin>
			<ymin>49</ymin>
			<ymax>88</ymax>
			<xmax>744</xmax>
		</bndbox>
		<difficult>0</difficult>
		<pose>Left</pose>
		<name>aircraft</name>
		<truncated>1</truncated>
	</object>
	<object>
		<bndbox>
			<xmin>306</xmin>
			<ymin>162</ymin>
			<ymax>196</ymax>
			<xmax>348</xmax>
		</bndbox>
		<difficult>0</difficult>
		<pose>Left</pose>
		<name>aircraft</name>
		<truncated>1</truncated>
	</object>
	<object>
		<bndbox>
			<xmin>282</xmin>
			<ymin>186</ymin>
			<ymax>220</ymax>
			<xmax>323</xmax>
		</bndbox>
		<difficult>0</difficult>
		<pose>Left</pose>
		<name>aircraft</name>
		<truncated>1</truncated>
	</object>
	<object>
		<bndbox>
			<xmin>265</xmin>
			<ymin>217</ymin>
			<ymax>239</ymax>
			<xmax>296</xmax>
		</bndbox>
		<difficult>0</difficult>
		<pose>Left</pose>
		<name>aircraft</name>
		<truncated>1</truncated>
	</object>
	<object>
		<bndbox>
			<xmin>371</xmin>
			<ymin>201</ymin>
			<ymax>231</ymax>
			<xmax>416</xmax>
		</bndbox>
		<difficult>0</difficult>
		<pose>Left</pose>
		<name>aircraft</name>
		<truncated>1</truncated>
	</object>
	<object>
		<bndbox>
			<xmin>347</xmin>
			<ymin>265</ymin>
			<ymax>291</ymax>
			<xmax>375</xmax>
		</bndbox>
		<difficult>0</difficult>
		<pose>Left</pose>
		<name>aircraft</name>
		<truncated>1</truncated>
	</object>
	<object>
		<bndbox>
			<xmin>402</xmin>
			<ymin>290</ymin>
			<ymax>334</ymax>
			<xmax>458</xmax>
		</bndbox>
		<difficult>0</difficult>
		<pose>Left</pose>
		<name>aircraft</name>
		<truncated>1</truncated>
	</object>
	<object>
		<bndbox>
			<xmin>478</xmin>
			<ymin>342</ymin>
			<ymax>373</ymax>
			<xmax>520</xmax>
		</bndbox>
		<difficult>0</difficult>
		<pose>Left</pose>
		<name>aircraft</name>
		<truncated>1</truncated>
	</object>
	<object>
		<bndbox>
			<xmin>883</xmin>
			<ymin>237</ymin>
			<ymax>257</ymax>
			<xmax>912</xmax>
		</bndbox>
		<difficult>0</difficult>
		<pose>Left</pose>
		<name>aircraft</name>
		<truncated>1</truncated>
	</object>
	<object>
		<bndbox>
			<xmin>874</xmin>
			<ymin>246</ymin>
			<ymax>265</ymax>
			<xmax>897</xmax>
		</bndbox>
		<difficult>0</difficult>
		<pose>Left</pose>
		<name>aircraft</name>
		<truncated>1</truncated>
	</object>
	<object>
		<bndbox>
			<xmin>870</xmin>
			<ymin>259</ymin>
			<ymax>279</ymax>
			<xmax>899</xmax>
		</bndbox>
		<difficult>0</difficult>
		<pose>Left</pose>
		<name>aircraft</name>
		<truncated>1</truncated>
	</object>
	<object>
		<bndbox>
			<xmin>864</xmin>
			<ymin>271</ymin>
			<ymax>296</ymax>
			<xmax>892</xmax>
		</bndbox>
		<difficult>0</difficult>
		<pose>Left</pose>
		<name>aircraft</name>
		<truncated>1</truncated>
	</object>
	<object>
		<bndbox>
			<xmin>344</xmin>
			<ymin>444</ymin>
			<ymax>473</ymax>
			<xmax>375</xmax>
		</bndbox>
		<difficult>0</difficult>
		<pose>Left</pose>
		<name>aircraft</name>
		<truncated>1</truncated>
	</object>
	<object>
		<bndbox>
			<xmin>289</xmin>
			<ymin>535</ymin>
			<ymax>561</ymax>
			<xmax>326</xmax>
		</bndbox>
		<difficult>0</difficult>
		<pose>Left</pose>
		<name>aircraft</name>
		<truncated>1</truncated>
	</object>
	<object>
		<bndbox>
			<xmin>211</xmin>
			<ymin>544</ymin>
			<ymax>568</ymax>
			<xmax>239</xmax>
		</bndbox>
		<difficult>0</difficult>
		<pose>Left</pose>
		<name>aircraft</name>
		<truncated>1</truncated>
	</object>
	<object>
		<bndbox>
			<xmin>155</xmin>
			<ymin>670</ymin>
			<ymax>696</ymax>
			<xmax>183</xmax>
		</bndbox>
		<difficult>0</difficult>
		<pose>Left</pose>
		<name>aircraft</name>
		<truncated>1</truncated>
	</object>
	<object>
		<bndbox>
			<xmin>164</xmin>
			<ymin>684</ymin>
			<ymax>720</ymax>
			<xmax>195</xmax>
		</bndbox>
		<difficult>0</difficult>
		<pose>Left</pose>
		<name>aircraft</name>
		<truncated>1</truncated>
	</object>
	<object>
		<bndbox>
			<xmin>167</xmin>
			<ymin>716</ymin>
			<ymax>755</ymax>
			<xmax>203</xmax>
		</bndbox>
		<difficult>0</difficult>
		<pose>Left</pose>
		<name>aircraft</name>
		<truncated>1</truncated>
	</object>
	<object>
		<bndbox>
			<xmin>118</xmin>
			<ymin>775</ymin>
			<ymax>813</ymax>
			<xmax>148</xmax>
		</bndbox>
		<difficult>0</difficult>
		<pose>Left</pose>
		<name>aircraft</name>
		<truncated>1</truncated>
	</object>
	<object>
		<bndbox>
			<xmin>74</xmin>
			<ymin>820</ymin>
			<ymax>860</ymax>
			<xmax>113</xmax>
		</bndbox>
		<difficult>0</difficult>
		<pose>Left</pose>
		<name>aircraft</name>
		<truncated>1</truncated>
	</object>
	<object>
		<bndbox>
			<xmin>28</xmin>
			<ymin>856</ymin>
			<ymax>900</ymax>
			<xmax>71</xmax>
		</bndbox>
		<difficult>0</difficult>
		<pose>Left</pose>
		<name>aircraft</name>
		<truncated>1</truncated>
	</object>
	<object>
		<bndbox>
			<xmin>701</xmin>
			<ymin>443</ymin>
			<ymax>467</ymax>
			<xmax>731</xmax>
		</bndbox>
		<difficult>0</difficult>
		<pose>Left</pose>
		<name>aircraft</name>
		<truncated>1</truncated>
	</object>
	<object>
		<bndbox>
			<xmin>679</xmin>
			<ymin>463</ymin>
			<ymax>494</ymax>
			<xmax>723</xmax>
		</bndbox>
		<difficult>0</difficult>
		<pose>Left</pose>
		<name>aircraft</name>
		<truncated>1</truncated>
	</object>
	<object>
		<bndbox>
			<xmin>661</xmin>
			<ymin>498</ymin>
			<ymax>528</ymax>
			<xmax>695</xmax>
		</bndbox>
		<difficult>0</difficult>
		<pose>Left</pose>
		<name>aircraft</name>
		<truncated>1</truncated>
	</object>
	<object>
		<bndbox>
			<xmin>787</xmin>
			<ymin>511</ymin>
			<ymax>543</ymax>
			<xmax>830</xmax>
		</bndbox>
		<difficult>0</difficult>
		<pose>Left</pose>
		<name>aircraft</name>
		<truncated>1</truncated>
	</object>
	<object>
		<bndbox>
			<xmin>763</xmin>
			<ymin>540</ymin>
			<ymax>576</ymax>
			<xmax>802</xmax>
		</bndbox>
		<difficult>0</difficult>
		<pose>Left</pose>
		<name>aircraft</name>
		<truncated>1</truncated>
	</object>
	<object>
		<bndbox>
			<xmin>737</xmin>
			<ymin>584</ymin>
			<ymax>644</ymax>
			<xmax>785</xmax>
		</bndbox>
		<difficult>0</difficult>
		<pose>Left</pose>
		<name>aircraft</name>
		<truncated>1</truncated>
	</object>
	<object>
		<bndbox>
			<xmin>701</xmin>
			<ymin>626</ymin>
			<ymax>665</ymax>
			<xmax>744</xmax>
		</bndbox>
		<difficult>0</difficult>
		<pose>Left</pose>
		<name>aircraft</name>
		<truncated>1</truncated>
	</object>
	<object>
		<bndbox>
			<xmin>690</xmin>
			<ymin>678</ymin>
			<ymax>715</ymax>
			<xmax>730</xmax>
		</bndbox>
		<difficult>0</difficult>
		<pose>Left</pose>
		<name>aircraft</name>
		<truncated>1</truncated>
	</object>
	<object>
		<bndbox>
			<xmin>647</xmin>
			<ymin>686</ymin>
			<ymax>723</ymax>
			<xmax>689</xmax>
		</bndbox>
		<difficult>0</difficult>
		<pose>Left</pose>
		<name>aircraft</name>
		<truncated>1</truncated>
	</object>
	<object>
		<bndbox>
			<xmin>632</xmin>
			<ymin>755</ymin>
			<ymax>796</ymax>
			<xmax>673</xmax>
		</bndbox>
		<difficult>0</difficult>
		<pose>Left</pose>
		<name>aircraft</name>
		<truncated>1</truncated>
	</object>
	<object>
		<bndbox>
			<xmin>617</xmin>
			<ymin>793</ymin>
			<ymax>837</ymax>
			<xmax>650</xmax>
		</bndbox>
		<difficult>0</difficult>
		<pose>Left</pose>
		<name>aircraft</name>
		<truncated>1</truncated>
	</object>
	<object>
		<bndbox>
			<xmin>583</xmin>
			<ymin>833</ymin>
			<ymax>882</ymax>
			<xmax>627</xmax>
		</bndbox>
		<difficult>0</difficult>
		<pose>Left</pose>
		<name>aircraft</name>
		<truncated>1</truncated>
	</object>
	<object>
		<bndbox>
			<xmin>567</xmin>
			<ymin>875</ymin>
			<ymax>909</ymax>
			<xmax>601</xmax>
		</bndbox>
		<difficult>0</difficult>
		<pose>Left</pose>
		<name>aircraft</name>
		<truncated>1</truncated>
	</object>
	<object>
		<bndbox>
			<xmin>479</xmin>
			<ymin>786</ymin>
			<ymax>839</ymax>
			<xmax>531</xmax>
		</bndbox>
		<difficult>0</difficult>
		<pose>Left</pose>
		<name>aircraft</name>
		<truncated>1</truncated>
	</object>
	<object>
		<bndbox>
			<xmin>424</xmin>
			<ymin>754</ymin>
			<ymax>795</ymax>
			<xmax>463</xmax>
		</bndbox>
		<difficult>0</difficult>
		<pose>Left</pose>
		<name>aircraft</name>
		<truncated>1</truncated>
	</object>
	<object>
		<bndbox>
			<xmin>405</xmin>
			<ymin>792</ymin>
			<ymax>827</ymax>
			<xmax>437</xmax>
		</bndbox>
		<difficult>0</difficult>
		<pose>Left</pose>
		<name>aircraft</name>
		<truncated>1</truncated>
	</object>
	<object>
		<bndbox>
			<xmin>391</xmin>
			<ymin>825</ymin>
			<ymax>862</ymax>
			<xmax>430</xmax>
		</bndbox>
		<difficult>0</difficult>
		<pose>Left</pose>
		<name>aircraft</name>
		<truncated>1</truncated>
	</object>
	<object>
		<bndbox>
			<xmin>355</xmin>
			<ymin>845</ymin>
			<ymax>895</ymax>
			<xmax>405</xmax>
		</bndbox>
		<difficult>0</difficult>
		<pose>Left</pose>
		<name>aircraft</name>
		<truncated>1</truncated>
	</object>
	<object>
		<bndbox>
			<xmin>410</xmin>
			<ymin>887</ymin>
			<ymax>915</ymax>
			<xmax>456</xmax>
		</bndbox>
		<difficult>0</difficult>
		<pose>Left</pose>
		<name>aircraft</name>
		<truncated>1</truncated>
	</object>
	<filename>aircraft_894.jpg</filename>
	<segmented>0</segmented>
	<owner>
		<name>Lmars, Wuhan University</name>
		<flickrid>I do not know</flickrid>
	</owner>
	<folder>RSDS2016</folder>
	<size>
		<width>1044</width>
		<depth>3</depth>
		<height>915</height>
	</size>
</annotation>
