<?xml version="1.0" encoding="utf-8"?>
<annotation>
	<source>
		<image>optic rs image</image>
		<annotation>Lmars RSDS2016</annotation>
		<flickrid>0</flickrid>
		<database>Lmars Detection Dataset of RS</database>
	</source>
	<object>
		<bndbox>
			<xmin>30</xmin>
			<ymin>3</ymin>
			<ymax>64</ymax>
			<xmax>104</xmax>
		</bndbox>
		<difficult>0</difficult>
		<pose>Left</pose>
		<name>aircraft</name>
		<truncated>1</truncated>
	</object>
	<object>
		<bndbox>
			<xmin>3</xmin>
			<ymin>81</ymin>
			<ymax>147</ymax>
			<xmax>74</xmax>
		</bndbox>
		<difficult>0</difficult>
		<pose>Left</pose>
		<name>aircraft</name>
		<truncated>1</truncated>
	</object>
	<object>
		<bndbox>
			<xmin>0</xmin>
			<ymin>173</ymin>
			<ymax>238</ymax>
			<xmax>46</xmax>
		</bndbox>
		<difficult>0</difficult>
		<pose>Left</pose>
		<name>aircraft</name>
		<truncated>1</truncated>
	</object>
	<object>
		<bndbox>
			<xmin>78</xmin>
			<ymin>174</ymin>
			<ymax>253</ymax>
			<xmax>154</xmax>
		</bndbox>
		<difficult>0</difficult>
		<pose>Left</pose>
		<name>aircraft</name>
		<truncated>1</truncated>
	</object>
	<object>
		<bndbox>
			<xmin>3</xmin>
			<ymin>541</ymin>
			<ymax>616</ymax>
			<xmax>47</xmax>
		</bndbox>
		<difficult>0</difficult>
		<pose>Left</pose>
		<name>aircraft</name>
		<truncated>1</truncated>
	</object>
	<object>
		<bndbox>
			<xmin>66</xmin>
			<ymin>645</ymin>
			<ymax>727</ymax>
			<xmax>153</xmax>
		</bndbox>
		<difficult>0</difficult>
		<pose>Left</pose>
		<name>aircraft</name>
		<truncated>1</truncated>
	</object>
	<object>
		<bndbox>
			<xmin>80</xmin>
			<ymin>535</ymin>
			<ymax>626</ymax>
			<xmax>178</xmax>
		</bndbox>
		<difficult>0</difficult>
		<pose>Left</pose>
		<name>aircraft</name>
		<truncated>1</truncated>
	</object>
	<object>
		<bndbox>
			<xmin>107</xmin>
			<ymin>442</ymin>
			<ymax>526</ymax>
			<xmax>199</xmax>
		</bndbox>
		<difficult>0</difficult>
		<pose>Left</pose>
		<name>aircraft</name>
		<truncated>1</truncated>
	</object>
	<object>
		<bndbox>
			<xmin>121</xmin>
			<ymin>350</ymin>
			<ymax>437</ymax>
			<xmax>225</xmax>
		</bndbox>
		<difficult>0</difficult>
		<pose>Left</pose>
		<name>aircraft</name>
		<truncated>1</truncated>
	</object>
	<object>
		<bndbox>
			<xmin>155</xmin>
			<ymin>264</ymin>
			<ymax>345</ymax>
			<xmax>247</xmax>
		</bndbox>
		<difficult>0</difficult>
		<pose>Left</pose>
		<name>aircraft</name>
		<truncated>1</truncated>
	</object>
	<object>
		<bndbox>
			<xmin>178</xmin>
			<ymin>168</ymin>
			<ymax>237</ymax>
			<xmax>271</xmax>
		</bndbox>
		<difficult>0</difficult>
		<pose>Left</pose>
		<name>aircraft</name>
		<truncated>1</truncated>
	</object>
	<object>
		<bndbox>
			<xmin>209</xmin>
			<ymin>76</ymin>
			<ymax>141</ymax>
			<xmax>291</xmax>
		</bndbox>
		<difficult>0</difficult>
		<pose>Left</pose>
		<name>aircraft</name>
		<truncated>1</truncated>
	</object>
	<object>
		<bndbox>
			<xmin>390</xmin>
			<ymin>5</ymin>
			<ymax>65</ymax>
			<xmax>478</xmax>
		</bndbox>
		<difficult>0</difficult>
		<pose>Left</pose>
		<name>aircraft</name>
		<truncated>1</truncated>
	</object>
	<object>
		<bndbox>
			<xmin>377</xmin>
			<ymin>76</ymin>
			<ymax>141</ymax>
			<xmax>467</xmax>
		</bndbox>
		<difficult>0</difficult>
		<pose>Left</pose>
		<name>aircraft</name>
		<truncated>1</truncated>
	</object>
	<object>
		<bndbox>
			<xmin>362</xmin>
			<ymin>165</ymin>
			<ymax>235</ymax>
			<xmax>456</xmax>
		</bndbox>
		<difficult>0</difficult>
		<pose>Left</pose>
		<name>aircraft</name>
		<truncated>1</truncated>
	</object>
	<object>
		<bndbox>
			<xmin>356</xmin>
			<ymin>259</ymin>
			<ymax>324</ymax>
			<xmax>430</xmax>
		</bndbox>
		<difficult>0</difficult>
		<pose>Left</pose>
		<name>aircraft</name>
		<truncated>1</truncated>
	</object>
	<object>
		<bndbox>
			<xmin>333</xmin>
			<ymin>355</ymin>
			<ymax>439</ymax>
			<xmax>433</xmax>
		</bndbox>
		<difficult>0</difficult>
		<pose>Left</pose>
		<name>aircraft</name>
		<truncated>1</truncated>
	</object>
	<object>
		<bndbox>
			<xmin>326</xmin>
			<ymin>453</ymin>
			<ymax>543</ymax>
			<xmax>425</xmax>
		</bndbox>
		<difficult>0</difficult>
		<pose>Left</pose>
		<name>aircraft</name>
		<truncated>1</truncated>
	</object>
	<object>
		<bndbox>
			<xmin>307</xmin>
			<ymin>549</ymin>
			<ymax>647</ymax>
			<xmax>407</xmax>
		</bndbox>
		<difficult>0</difficult>
		<pose>Left</pose>
		<name>aircraft</name>
		<truncated>1</truncated>
	</object>
	<object>
		<bndbox>
			<xmin>295</xmin>
			<ymin>661</ymin>
			<ymax>748</ymax>
			<xmax>386</xmax>
		</bndbox>
		<difficult>0</difficult>
		<pose>Left</pose>
		<name>aircraft</name>
		<truncated>1</truncated>
	</object>
	<object>
		<bndbox>
			<xmin>596</xmin>
			<ymin>529</ymin>
			<ymax>623</ymax>
			<xmax>701</xmax>
		</bndbox>
		<difficult>0</difficult>
		<pose>Left</pose>
		<name>aircraft</name>
		<truncated>1</truncated>
	</object>
	<object>
		<bndbox>
			<xmin>590</xmin>
			<ymin>118</ymin>
			<ymax>185</ymax>
			<xmax>684</xmax>
		</bndbox>
		<difficult>0</difficult>
		<pose>Left</pose>
		<name>aircraft</name>
		<truncated>1</truncated>
	</object>
	<object>
		<bndbox>
			<xmin>597</xmin>
			<ymin>187</ymin>
			<ymax>257</ymax>
			<xmax>686</xmax>
		</bndbox>
		<difficult>0</difficult>
		<pose>Left</pose>
		<name>aircraft</name>
		<truncated>1</truncated>
	</object>
	<object>
		<bndbox>
			<xmin>763</xmin>
			<ymin>96</ymin>
			<ymax>181</ymax>
			<xmax>862</xmax>
		</bndbox>
		<difficult>0</difficult>
		<pose>Left</pose>
		<name>aircraft</name>
		<truncated>1</truncated>
	</object>
	<object>
		<bndbox>
			<xmin>777</xmin>
			<ymin>181</ymin>
			<ymax>273</ymax>
			<xmax>876</xmax>
		</bndbox>
		<difficult>0</difficult>
		<pose>Left</pose>
		<name>aircraft</name>
		<truncated>1</truncated>
	</object>
	<object>
		<bndbox>
			<xmin>818</xmin>
			<ymin>574</ymin>
			<ymax>673</ymax>
			<xmax>910</xmax>
		</bndbox>
		<difficult>0</difficult>
		<pose>Left</pose>
		<name>aircraft</name>
		<truncated>1</truncated>
	</object>
	<object>
		<bndbox>
			<xmin>698</xmin>
			<ymin>698</ymin>
			<ymax>835</ymax>
			<xmax>812</xmax>
		</bndbox>
		<difficult>0</difficult>
		<pose>Left</pose>
		<name>aircraft</name>
		<truncated>1</truncated>
	</object>
	<object>
		<bndbox>
			<xmin>820</xmin>
			<ymin>708</ymin>
			<ymax>840</ymax>
			<xmax>937</xmax>
		</bndbox>
		<difficult>0</difficult>
		<pose>Left</pose>
		<name>aircraft</name>
		<truncated>1</truncated>
	</object>
	<filename>aircraft_962.jpg</filename>
	<segmented>0</segmented>
	<owner>
		<name>Lmars, Wuhan University</name>
		<flickrid>I do not know</flickrid>
	</owner>
	<folder>RSDS2016</folder>
	<size>
		<width>1044</width>
		<depth>3</depth>
		<height>915</height>
	</size>
</annotation>
