<?xml version="1.0" encoding="utf-8"?>
<annotation>
	<source>
		<image>optic rs image</image>
		<annotation>Lmars RSDS2016</annotation>
		<flickrid>0</flickrid>
		<database>Lmars Detection Dataset of RS</database>
	</source>
	<object>
		<bndbox>
			<xmin>1</xmin>
			<ymin>670</ymin>
			<ymax>738</ymax>
			<xmax>45</xmax>
		</bndbox>
		<difficult>0</difficult>
		<pose>Left</pose>
		<name>aircraft</name>
		<truncated>1</truncated>
	</object>
	<object>
		<bndbox>
			<xmin>133</xmin>
			<ymin>366</ymin>
			<ymax>430</ymax>
			<xmax>202</xmax>
		</bndbox>
		<difficult>0</difficult>
		<pose>Left</pose>
		<name>aircraft</name>
		<truncated>1</truncated>
	</object>
	<object>
		<bndbox>
			<xmin>213</xmin>
			<ymin>322</ymin>
			<ymax>394</ymax>
			<xmax>301</xmax>
		</bndbox>
		<difficult>0</difficult>
		<pose>Left</pose>
		<name>aircraft</name>
		<truncated>1</truncated>
	</object>
	<filename>aircraft_979.jpg</filename>
	<segmented>0</segmented>
	<owner>
		<name>Lmars, Wuhan University</name>
		<flickrid>I do not know</flickrid>
	</owner>
	<folder>RSDS2016</folder>
	<size>
		<width>1044</width>
		<depth>3</depth>
		<height>915</height>
	</size>
</annotation>
