<?xml version="1.0" encoding="utf-8"?>
<annotation>
	<source>
		<image>optic rs image</image>
		<annotation>Lmars RSDS2016</annotation>
		<flickrid>0</flickrid>
		<database>Lmars Detection Dataset of RS</database>
	</source>
	<object>
		<bndbox>
			<xmin>128</xmin>
			<ymin>2</ymin>
			<ymax>33</ymax>
			<xmax>177</xmax>
		</bndbox>
		<difficult>0</difficult>
		<pose>Left</pose>
		<name>aircraft</name>
		<truncated>1</truncated>
	</object>
	<object>
		<bndbox>
			<xmin>649</xmin>
			<ymin>111</ymin>
			<ymax>153</ymax>
			<xmax>723</xmax>
		</bndbox>
		<difficult>0</difficult>
		<pose>Left</pose>
		<name>aircraft</name>
		<truncated>1</truncated>
	</object>
	<object>
		<bndbox>
			<xmin>146</xmin>
			<ymin>573</ymin>
			<ymax>643</ymax>
			<xmax>225</xmax>
		</bndbox>
		<difficult>0</difficult>
		<pose>Left</pose>
		<name>aircraft</name>
		<truncated>1</truncated>
	</object>
	<object>
		<bndbox>
			<xmin>261</xmin>
			<ymin>500</ymin>
			<ymax>587</ymax>
			<xmax>364</xmax>
		</bndbox>
		<difficult>0</difficult>
		<pose>Left</pose>
		<name>aircraft</name>
		<truncated>1</truncated>
	</object>
	<object>
		<bndbox>
			<xmin>605</xmin>
			<ymin>556</ymin>
			<ymax>627</ymax>
			<xmax>684</xmax>
		</bndbox>
		<difficult>0</difficult>
		<pose>Left</pose>
		<name>aircraft</name>
		<truncated>1</truncated>
	</object>
	<object>
		<bndbox>
			<xmin>785</xmin>
			<ymin>422</ymin>
			<ymax>498</ymax>
			<xmax>888</xmax>
		</bndbox>
		<difficult>0</difficult>
		<pose>Left</pose>
		<name>aircraft</name>
		<truncated>1</truncated>
	</object>
	<object>
		<bndbox>
			<xmin>837</xmin>
			<ymin>513</ymin>
			<ymax>582</ymax>
			<xmax>917</xmax>
		</bndbox>
		<difficult>0</difficult>
		<pose>Left</pose>
		<name>aircraft</name>
		<truncated>1</truncated>
	</object>
	<filename>aircraft_731.jpg</filename>
	<segmented>0</segmented>
	<owner>
		<name>Lmars, Wuhan University</name>
		<flickrid>I do not know</flickrid>
	</owner>
	<folder>RSDS2016</folder>
	<size>
		<width>1044</width>
		<depth>3</depth>
		<height>915</height>
	</size>
</annotation>
