<?xml version="1.0" encoding="utf-8"?>
<annotation>
	<source>
		<image>optic rs image</image>
		<annotation>Lmars RSDS2016</annotation>
		<flickrid>0</flickrid>
		<database>Lmars Detection Dataset of RS</database>
	</source>
	<object>
		<bndbox>
			<xmin>213</xmin>
			<ymin>112</ymin>
			<ymax>192</ymax>
			<xmax>294</xmax>
		</bndbox>
		<difficult>0</difficult>
		<pose>Left</pose>
		<name>aircraft</name>
		<truncated>1</truncated>
	</object>
	<object>
		<bndbox>
			<xmin>474</xmin>
			<ymin>168</ymin>
			<ymax>253</ymax>
			<xmax>570</xmax>
		</bndbox>
		<difficult>0</difficult>
		<pose>Left</pose>
		<name>aircraft</name>
		<truncated>1</truncated>
	</object>
	<object>
		<bndbox>
			<xmin>429</xmin>
			<ymin>321</ymin>
			<ymax>415</ymax>
			<xmax>555</xmax>
		</bndbox>
		<difficult>0</difficult>
		<pose>Left</pose>
		<name>aircraft</name>
		<truncated>1</truncated>
	</object>
	<object>
		<bndbox>
			<xmin>411</xmin>
			<ymin>406</ymin>
			<ymax>468</ymax>
			<xmax>480</xmax>
		</bndbox>
		<difficult>0</difficult>
		<pose>Left</pose>
		<name>aircraft</name>
		<truncated>1</truncated>
	</object>
	<object>
		<bndbox>
			<xmin>316</xmin>
			<ymin>669</ymin>
			<ymax>805</ymax>
			<xmax>465</xmax>
		</bndbox>
		<difficult>0</difficult>
		<pose>Left</pose>
		<name>aircraft</name>
		<truncated>1</truncated>
	</object>
	<object>
		<bndbox>
			<xmin>732</xmin>
			<ymin>381</ymin>
			<ymax>456</ymax>
			<xmax>844</xmax>
		</bndbox>
		<difficult>0</difficult>
		<pose>Left</pose>
		<name>aircraft</name>
		<truncated>1</truncated>
	</object>
	<object>
		<bndbox>
			<xmin>726</xmin>
			<ymin>597</ymin>
			<ymax>667</ymax>
			<xmax>808</xmax>
		</bndbox>
		<difficult>0</difficult>
		<pose>Left</pose>
		<name>aircraft</name>
		<truncated>1</truncated>
	</object>
	<object>
		<bndbox>
			<xmin>715</xmin>
			<ymin>661</ymin>
			<ymax>739</ymax>
			<xmax>798</xmax>
		</bndbox>
		<difficult>0</difficult>
		<pose>Left</pose>
		<name>aircraft</name>
		<truncated>1</truncated>
	</object>
	<object>
		<bndbox>
			<xmin>637</xmin>
			<ymin>744</ymin>
			<ymax>867</ymax>
			<xmax>802</xmax>
		</bndbox>
		<difficult>0</difficult>
		<pose>Left</pose>
		<name>aircraft</name>
		<truncated>1</truncated>
	</object>
	<filename>aircraft_957.jpg</filename>
	<segmented>0</segmented>
	<owner>
		<name>Lmars, Wuhan University</name>
		<flickrid>I do not know</flickrid>
	</owner>
	<folder>RSDS2016</folder>
	<size>
		<width>1044</width>
		<depth>3</depth>
		<height>915</height>
	</size>
</annotation>
