<?xml version="1.0" encoding="utf-8"?>
<annotation>
	<source>
		<image>optic rs image</image>
		<annotation>Lmars RSDS2016</annotation>
		<flickrid>0</flickrid>
		<database>Lmars Detection Dataset of RS</database>
	</source>
	<object>
		<bndbox>
			<xmin>601</xmin>
			<ymin>280</ymin>
			<ymax>336</ymax>
			<xmax>669</xmax>
		</bndbox>
		<difficult>0</difficult>
		<pose>Left</pose>
		<name>aircraft</name>
		<truncated>1</truncated>
	</object>
	<object>
		<bndbox>
			<xmin>628</xmin>
			<ymin>232</ymin>
			<ymax>295</ymax>
			<xmax>714</xmax>
		</bndbox>
		<difficult>0</difficult>
		<pose>Left</pose>
		<name>aircraft</name>
		<truncated>1</truncated>
	</object>
	<object>
		<bndbox>
			<xmin>675</xmin>
			<ymin>186</ymin>
			<ymax>244</ymax>
			<xmax>762</xmax>
		</bndbox>
		<difficult>0</difficult>
		<pose>Left</pose>
		<name>aircraft</name>
		<truncated>1</truncated>
	</object>
	<object>
		<bndbox>
			<xmin>694</xmin>
			<ymin>361</ymin>
			<ymax>430</ymax>
			<xmax>775</xmax>
		</bndbox>
		<difficult>0</difficult>
		<pose>Left</pose>
		<name>aircraft</name>
		<truncated>1</truncated>
	</object>
	<object>
		<bndbox>
			<xmin>715</xmin>
			<ymin>327</ymin>
			<ymax>376</ymax>
			<xmax>769</xmax>
		</bndbox>
		<difficult>0</difficult>
		<pose>Left</pose>
		<name>aircraft</name>
		<truncated>1</truncated>
	</object>
	<object>
		<bndbox>
			<xmin>771</xmin>
			<ymin>235</ymin>
			<ymax>313</ymax>
			<xmax>859</xmax>
		</bndbox>
		<difficult>0</difficult>
		<pose>Left</pose>
		<name>aircraft</name>
		<truncated>1</truncated>
	</object>
	<object>
		<bndbox>
			<xmin>802</xmin>
			<ymin>205</ymin>
			<ymax>258</ymax>
			<xmax>858</xmax>
		</bndbox>
		<difficult>0</difficult>
		<pose>Left</pose>
		<name>aircraft</name>
		<truncated>1</truncated>
	</object>
	<filename>aircraft_1130.jpg</filename>
	<segmented>0</segmented>
	<owner>
		<name>Lmars, Wuhan University</name>
		<flickrid>I do not know</flickrid>
	</owner>
	<folder>RSDS2016</folder>
	<size>
		<width>1072</width>
		<depth>3</depth>
		<height>915</height>
	</size>
</annotation>
