<?xml version="1.0" encoding="utf-8"?>
<annotation>
	<source>
		<image>optic rs image</image>
		<annotation>Lmars RSDS2016</annotation>
		<flickrid>0</flickrid>
		<database>Lmars Detection Dataset of RS</database>
	</source>
	<object>
		<bndbox>
			<xmin>646</xmin>
			<ymin>3</ymin>
			<ymax>58</ymax>
			<xmax>724</xmax>
		</bndbox>
		<difficult>0</difficult>
		<pose>Left</pose>
		<name>aircraft</name>
		<truncated>1</truncated>
	</object>
	<object>
		<bndbox>
			<xmin>648</xmin>
			<ymin>57</ymin>
			<ymax>90</ymax>
			<xmax>699</xmax>
		</bndbox>
		<difficult>0</difficult>
		<pose>Left</pose>
		<name>aircraft</name>
		<truncated>1</truncated>
	</object>
	<object>
		<bndbox>
			<xmin>891</xmin>
			<ymin>108</ymin>
			<ymax>186</ymax>
			<xmax>1005</xmax>
		</bndbox>
		<difficult>0</difficult>
		<pose>Left</pose>
		<name>aircraft</name>
		<truncated>1</truncated>
	</object>
	<object>
		<bndbox>
			<xmin>794</xmin>
			<ymin>189</ymin>
			<ymax>279</ymax>
			<xmax>918</xmax>
		</bndbox>
		<difficult>0</difficult>
		<pose>Left</pose>
		<name>aircraft</name>
		<truncated>1</truncated>
	</object>
	<object>
		<bndbox>
			<xmin>754</xmin>
			<ymin>223</ymin>
			<ymax>279</ymax>
			<xmax>828</xmax>
		</bndbox>
		<difficult>0</difficult>
		<pose>Left</pose>
		<name>aircraft</name>
		<truncated>1</truncated>
	</object>
	<object>
		<bndbox>
			<xmin>591</xmin>
			<ymin>258</ymin>
			<ymax>322</ymax>
			<xmax>687</xmax>
		</bndbox>
		<difficult>0</difficult>
		<pose>Left</pose>
		<name>aircraft</name>
		<truncated>1</truncated>
	</object>
	<object>
		<bndbox>
			<xmin>661</xmin>
			<ymin>285</ymin>
			<ymax>337</ymax>
			<xmax>733</xmax>
		</bndbox>
		<difficult>0</difficult>
		<pose>Left</pose>
		<name>aircraft</name>
		<truncated>1</truncated>
	</object>
	<object>
		<bndbox>
			<xmin>712</xmin>
			<ymin>285</ymin>
			<ymax>340</ymax>
			<xmax>786</xmax>
		</bndbox>
		<difficult>0</difficult>
		<pose>Left</pose>
		<name>aircraft</name>
		<truncated>1</truncated>
	</object>
	<object>
		<bndbox>
			<xmin>757</xmin>
			<ymin>325</ymin>
			<ymax>393</ymax>
			<xmax>832</xmax>
		</bndbox>
		<difficult>0</difficult>
		<pose>Left</pose>
		<name>aircraft</name>
		<truncated>1</truncated>
	</object>
	<object>
		<bndbox>
			<xmin>714</xmin>
			<ymin>352</ymin>
			<ymax>417</ymax>
			<xmax>799</xmax>
		</bndbox>
		<difficult>0</difficult>
		<pose>Left</pose>
		<name>aircraft</name>
		<truncated>1</truncated>
	</object>
	<object>
		<bndbox>
			<xmin>631</xmin>
			<ymin>310</ymin>
			<ymax>394</ymax>
			<xmax>730</xmax>
		</bndbox>
		<difficult>0</difficult>
		<pose>Left</pose>
		<name>aircraft</name>
		<truncated>1</truncated>
	</object>
	<object>
		<bndbox>
			<xmin>583</xmin>
			<ymin>306</ymin>
			<ymax>363</ymax>
			<xmax>654</xmax>
		</bndbox>
		<difficult>0</difficult>
		<pose>Left</pose>
		<name>aircraft</name>
		<truncated>1</truncated>
	</object>
	<object>
		<bndbox>
			<xmin>657</xmin>
			<ymin>378</ymin>
			<ymax>459</ymax>
			<xmax>744</xmax>
		</bndbox>
		<difficult>0</difficult>
		<pose>Left</pose>
		<name>aircraft</name>
		<truncated>1</truncated>
	</object>
	<object>
		<bndbox>
			<xmin>573</xmin>
			<ymin>372</ymin>
			<ymax>426</ymax>
			<xmax>634</xmax>
		</bndbox>
		<difficult>0</difficult>
		<pose>Left</pose>
		<name>aircraft</name>
		<truncated>1</truncated>
	</object>
	<object>
		<bndbox>
			<xmin>511</xmin>
			<ymin>343</ymin>
			<ymax>397</ymax>
			<xmax>580</xmax>
		</bndbox>
		<difficult>0</difficult>
		<pose>Left</pose>
		<name>aircraft</name>
		<truncated>1</truncated>
	</object>
	<object>
		<bndbox>
			<xmin>500</xmin>
			<ymin>399</ymin>
			<ymax>474</ymax>
			<xmax>591</xmax>
		</bndbox>
		<difficult>0</difficult>
		<pose>Left</pose>
		<name>aircraft</name>
		<truncated>1</truncated>
	</object>
	<object>
		<bndbox>
			<xmin>446</xmin>
			<ymin>385</ymin>
			<ymax>438</ymax>
			<xmax>513</xmax>
		</bndbox>
		<difficult>0</difficult>
		<pose>Left</pose>
		<name>aircraft</name>
		<truncated>1</truncated>
	</object>
	<object>
		<bndbox>
			<xmin>418</xmin>
			<ymin>432</ymin>
			<ymax>496</ymax>
			<xmax>481</xmax>
		</bndbox>
		<difficult>0</difficult>
		<pose>Left</pose>
		<name>aircraft</name>
		<truncated>1</truncated>
	</object>
	<object>
		<bndbox>
			<xmin>470</xmin>
			<ymin>436</ymin>
			<ymax>502</ymax>
			<xmax>535</xmax>
		</bndbox>
		<difficult>0</difficult>
		<pose>Left</pose>
		<name>aircraft</name>
		<truncated>1</truncated>
	</object>
	<object>
		<bndbox>
			<xmin>449</xmin>
			<ymin>282</ymin>
			<ymax>381</ymax>
			<xmax>570</xmax>
		</bndbox>
		<difficult>0</difficult>
		<pose>Left</pose>
		<name>aircraft</name>
		<truncated>1</truncated>
	</object>
	<object>
		<bndbox>
			<xmin>571</xmin>
			<ymin>418</ymin>
			<ymax>529</ymax>
			<xmax>672</xmax>
		</bndbox>
		<difficult>0</difficult>
		<pose>Left</pose>
		<name>aircraft</name>
		<truncated>1</truncated>
	</object>
	<object>
		<bndbox>
			<xmin>325</xmin>
			<ymin>409</ymin>
			<ymax>472</ymax>
			<xmax>383</xmax>
		</bndbox>
		<difficult>0</difficult>
		<pose>Left</pose>
		<name>aircraft</name>
		<truncated>1</truncated>
	</object>
	<object>
		<bndbox>
			<xmin>214</xmin>
			<ymin>495</ymin>
			<ymax>562</ymax>
			<xmax>266</xmax>
		</bndbox>
		<difficult>0</difficult>
		<pose>Left</pose>
		<name>aircraft</name>
		<truncated>1</truncated>
	</object>
	<object>
		<bndbox>
			<xmin>311</xmin>
			<ymin>483</ymin>
			<ymax>561</ymax>
			<xmax>403</xmax>
		</bndbox>
		<difficult>0</difficult>
		<pose>Left</pose>
		<name>aircraft</name>
		<truncated>1</truncated>
	</object>
	<object>
		<bndbox>
			<xmin>389</xmin>
			<ymin>472</ymin>
			<ymax>555</ymax>
			<xmax>467</xmax>
		</bndbox>
		<difficult>0</difficult>
		<pose>Left</pose>
		<name>aircraft</name>
		<truncated>1</truncated>
	</object>
	<object>
		<bndbox>
			<xmin>443</xmin>
			<ymin>559</ymin>
			<ymax>616</ymax>
			<xmax>482</xmax>
		</bndbox>
		<difficult>0</difficult>
		<pose>Left</pose>
		<name>aircraft</name>
		<truncated>1</truncated>
	</object>
	<object>
		<bndbox>
			<xmin>457</xmin>
			<ymin>487</ymin>
			<ymax>589</ymax>
			<xmax>567</xmax>
		</bndbox>
		<difficult>0</difficult>
		<pose>Left</pose>
		<name>aircraft</name>
		<truncated>1</truncated>
	</object>
	<object>
		<bndbox>
			<xmin>385</xmin>
			<ymin>544</ymin>
			<ymax>625</ymax>
			<xmax>466</xmax>
		</bndbox>
		<difficult>0</difficult>
		<pose>Left</pose>
		<name>aircraft</name>
		<truncated>1</truncated>
	</object>
	<object>
		<bndbox>
			<xmin>308</xmin>
			<ymin>538</ymin>
			<ymax>628</ymax>
			<xmax>388</xmax>
		</bndbox>
		<difficult>0</difficult>
		<pose>Left</pose>
		<name>aircraft</name>
		<truncated>1</truncated>
	</object>
	<object>
		<bndbox>
			<xmin>371</xmin>
			<ymin>601</ymin>
			<ymax>678</ymax>
			<xmax>449</xmax>
		</bndbox>
		<difficult>0</difficult>
		<pose>Left</pose>
		<name>aircraft</name>
		<truncated>1</truncated>
	</object>
	<object>
		<bndbox>
			<xmin>286</xmin>
			<ymin>631</ymin>
			<ymax>739</ymax>
			<xmax>383</xmax>
		</bndbox>
		<difficult>0</difficult>
		<pose>Left</pose>
		<name>aircraft</name>
		<truncated>1</truncated>
	</object>
	<object>
		<bndbox>
			<xmin>187</xmin>
			<ymin>697</ymin>
			<ymax>814</ymax>
			<xmax>289</xmax>
		</bndbox>
		<difficult>0</difficult>
		<pose>Left</pose>
		<name>aircraft</name>
		<truncated>1</truncated>
	</object>
	<filename>aircraft_907.jpg</filename>
	<segmented>0</segmented>
	<owner>
		<name>Lmars, Wuhan University</name>
		<flickrid>I do not know</flickrid>
	</owner>
	<folder>RSDS2016</folder>
	<size>
		<width>1072</width>
		<depth>3</depth>
		<height>915</height>
	</size>
</annotation>
