<?xml version="1.0" encoding="utf-8"?>
<annotation>
	<source>
		<image>optic rs image</image>
		<annotation>Lmars RSDS2016</annotation>
		<flickrid>0</flickrid>
		<database>Lmars Detection Dataset of RS</database>
	</source>
	<object>
		<bndbox>
			<xmin>194</xmin>
			<ymin>136</ymin>
			<ymax>211</ymax>
			<xmax>272</xmax>
		</bndbox>
		<difficult>0</difficult>
		<pose>Left</pose>
		<name>oiltank</name>
		<truncated>1</truncated>
	</object>
	<object>
		<bndbox>
			<xmin>191</xmin>
			<ymin>211</ymin>
			<ymax>280</ymax>
			<xmax>267</xmax>
		</bndbox>
		<difficult>0</difficult>
		<pose>Left</pose>
		<name>oiltank</name>
		<truncated>1</truncated>
	</object>
	<object>
		<bndbox>
			<xmin>176</xmin>
			<ymin>286</ymin>
			<ymax>374</ymax>
			<xmax>263</xmax>
		</bndbox>
		<difficult>0</difficult>
		<pose>Left</pose>
		<name>oiltank</name>
		<truncated>1</truncated>
	</object>
	<object>
		<bndbox>
			<xmin>171</xmin>
			<ymin>374</ymin>
			<ymax>475</ymax>
			<xmax>257</xmax>
		</bndbox>
		<difficult>0</difficult>
		<pose>Left</pose>
		<name>oiltank</name>
		<truncated>1</truncated>
	</object>
	<object>
		<bndbox>
			<xmin>161</xmin>
			<ymin>475</ymin>
			<ymax>580</ymax>
			<xmax>255</xmax>
		</bndbox>
		<difficult>0</difficult>
		<pose>Left</pose>
		<name>oiltank</name>
		<truncated>1</truncated>
	</object>
	<object>
		<bndbox>
			<xmin>153</xmin>
			<ymin>578</ymin>
			<ymax>692</ymax>
			<xmax>252</xmax>
		</bndbox>
		<difficult>0</difficult>
		<pose>Left</pose>
		<name>oiltank</name>
		<truncated>1</truncated>
	</object>
	<object>
		<bndbox>
			<xmin>290</xmin>
			<ymin>136</ymin>
			<ymax>206</ymax>
			<xmax>371</xmax>
		</bndbox>
		<difficult>0</difficult>
		<pose>Left</pose>
		<name>oiltank</name>
		<truncated>1</truncated>
	</object>
	<object>
		<bndbox>
			<xmin>291</xmin>
			<ymin>206</ymin>
			<ymax>278</ymax>
			<xmax>372</xmax>
		</bndbox>
		<difficult>0</difficult>
		<pose>Left</pose>
		<name>oiltank</name>
		<truncated>1</truncated>
	</object>
	<object>
		<bndbox>
			<xmin>291</xmin>
			<ymin>280</ymin>
			<ymax>374</ymax>
			<xmax>375</xmax>
		</bndbox>
		<difficult>0</difficult>
		<pose>Left</pose>
		<name>oiltank</name>
		<truncated>1</truncated>
	</object>
	<object>
		<bndbox>
			<xmin>288</xmin>
			<ymin>374</ymin>
			<ymax>463</ymax>
			<xmax>378</xmax>
		</bndbox>
		<difficult>0</difficult>
		<pose>Left</pose>
		<name>oiltank</name>
		<truncated>1</truncated>
	</object>
	<object>
		<bndbox>
			<xmin>282</xmin>
			<ymin>463</ymin>
			<ymax>569</ymax>
			<xmax>381</xmax>
		</bndbox>
		<difficult>0</difficult>
		<pose>Left</pose>
		<name>oiltank</name>
		<truncated>1</truncated>
	</object>
	<object>
		<bndbox>
			<xmin>282</xmin>
			<ymin>566</ymin>
			<ymax>682</ymax>
			<xmax>381</xmax>
		</bndbox>
		<difficult>0</difficult>
		<pose>Left</pose>
		<name>oiltank</name>
		<truncated>1</truncated>
	</object>
	<object>
		<bndbox>
			<xmin>465</xmin>
			<ymin>125</ymin>
			<ymax>239</ymax>
			<xmax>579</xmax>
		</bndbox>
		<difficult>0</difficult>
		<pose>Left</pose>
		<name>oiltank</name>
		<truncated>1</truncated>
	</object>
	<object>
		<bndbox>
			<xmin>475</xmin>
			<ymin>262</ymin>
			<ymax>380</ymax>
			<xmax>589</xmax>
		</bndbox>
		<difficult>0</difficult>
		<pose>Left</pose>
		<name>oiltank</name>
		<truncated>1</truncated>
	</object>
	<object>
		<bndbox>
			<xmin>481</xmin>
			<ymin>395</ymin>
			<ymax>494</ymax>
			<xmax>576</xmax>
		</bndbox>
		<difficult>0</difficult>
		<pose>Left</pose>
		<name>oiltank</name>
		<truncated>1</truncated>
	</object>
	<object>
		<bndbox>
			<xmin>489</xmin>
			<ymin>499</ymin>
			<ymax>587</ymax>
			<xmax>568</xmax>
		</bndbox>
		<difficult>0</difficult>
		<pose>Left</pose>
		<name>oiltank</name>
		<truncated>1</truncated>
	</object>
	<object>
		<bndbox>
			<xmin>496</xmin>
			<ymin>589</ymin>
			<ymax>680</ymax>
			<xmax>570</xmax>
		</bndbox>
		<difficult>0</difficult>
		<pose>Left</pose>
		<name>oiltank</name>
		<truncated>1</truncated>
	</object>
	<object>
		<bndbox>
			<xmin>619</xmin>
			<ymin>113</ymin>
			<ymax>220</ymax>
			<xmax>729</xmax>
		</bndbox>
		<difficult>0</difficult>
		<pose>Left</pose>
		<name>oiltank</name>
		<truncated>1</truncated>
	</object>
	<object>
		<bndbox>
			<xmin>616</xmin>
			<ymin>251</ymin>
			<ymax>373</ymax>
			<xmax>732</xmax>
		</bndbox>
		<difficult>0</difficult>
		<pose>Left</pose>
		<name>oiltank</name>
		<truncated>1</truncated>
	</object>
	<object>
		<bndbox>
			<xmin>615</xmin>
			<ymin>388</ymin>
			<ymax>485</ymax>
			<xmax>705</xmax>
		</bndbox>
		<difficult>0</difficult>
		<pose>Left</pose>
		<name>oiltank</name>
		<truncated>1</truncated>
	</object>
	<object>
		<bndbox>
			<xmin>621</xmin>
			<ymin>487</ymin>
			<ymax>577</ymax>
			<xmax>708</xmax>
		</bndbox>
		<difficult>0</difficult>
		<pose>Left</pose>
		<name>oiltank</name>
		<truncated>1</truncated>
	</object>
	<object>
		<bndbox>
			<xmin>633</xmin>
			<ymin>578</ymin>
			<ymax>673</ymax>
			<xmax>717</xmax>
		</bndbox>
		<difficult>0</difficult>
		<pose>Left</pose>
		<name>oiltank</name>
		<truncated>1</truncated>
	</object>
	<object>
		<bndbox>
			<xmin>660</xmin>
			<ymin>679</ymin>
			<ymax>743</ymax>
			<xmax>711</xmax>
		</bndbox>
		<difficult>0</difficult>
		<pose>Left</pose>
		<name>oiltank</name>
		<truncated>1</truncated>
	</object>
	<filename>oiltank_102.jpg</filename>
	<segmented>0</segmented>
	<owner>
		<name>Lmars, Wuhan University</name>
		<flickrid>I do not know</flickrid>
	</owner>
	<folder>RSDS2016</folder>
	<size>
		<width>1083</width>
		<depth>3</depth>
		<height>923</height>
	</size>
</annotation>
