<?xml version="1.0" encoding="utf-8"?>
<annotation>
	<source>
		<image>optic rs image</image>
		<annotation>Lmars RSDS2016</annotation>
		<flickrid>0</flickrid>
		<database>Lmars Detection Dataset of RS</database>
	</source>
	<object>
		<bndbox>
			<xmin>507</xmin>
			<ymin>88</ymin>
			<ymax>221</ymax>
			<xmax>624</xmax>
		</bndbox>
		<difficult>0</difficult>
		<pose>Left</pose>
		<name>oiltank</name>
		<truncated>1</truncated>
	</object>
	<object>
		<bndbox>
			<xmin>381</xmin>
			<ymin>226</ymin>
			<ymax>355</ymax>
			<xmax>504</xmax>
		</bndbox>
		<difficult>0</difficult>
		<pose>Left</pose>
		<name>oiltank</name>
		<truncated>1</truncated>
	</object>
	<object>
		<bndbox>
			<xmin>517</xmin>
			<ymin>346</ymin>
			<ymax>478</ymax>
			<xmax>630</xmax>
		</bndbox>
		<difficult>0</difficult>
		<pose>Left</pose>
		<name>oiltank</name>
		<truncated>1</truncated>
	</object>
	<object>
		<bndbox>
			<xmin>642</xmin>
			<ymin>205</ymin>
			<ymax>341</ymax>
			<xmax>756</xmax>
		</bndbox>
		<difficult>0</difficult>
		<pose>Left</pose>
		<name>oiltank</name>
		<truncated>1</truncated>
	</object>
	<object>
		<bndbox>
			<xmin>705</xmin>
			<ymin>523</ymin>
			<ymax>656</ymax>
			<xmax>816</xmax>
		</bndbox>
		<difficult>0</difficult>
		<pose>Left</pose>
		<name>oiltank</name>
		<truncated>1</truncated>
	</object>
	<object>
		<bndbox>
			<xmin>841</xmin>
			<ymin>382</ymin>
			<ymax>515</ymax>
			<xmax>946</xmax>
		</bndbox>
		<difficult>0</difficult>
		<pose>Left</pose>
		<name>oiltank</name>
		<truncated>1</truncated>
	</object>
	<object>
		<bndbox>
			<xmin>855</xmin>
			<ymin>659</ymin>
			<ymax>788</ymax>
			<xmax>964</xmax>
		</bndbox>
		<difficult>0</difficult>
		<pose>Left</pose>
		<name>oiltank</name>
		<truncated>1</truncated>
	</object>
	<filename>oiltank_206.jpg</filename>
	<segmented>0</segmented>
	<owner>
		<name>Lmars, Wuhan University</name>
		<flickrid>I do not know</flickrid>
	</owner>
	<folder>RSDS2016</folder>
	<size>
		<width>1083</width>
		<depth>3</depth>
		<height>923</height>
	</size>
</annotation>
