<?xml version="1.0" encoding="utf-8"?>
<annotation>
	<source>
		<image>optic rs image</image>
		<annotation>Lmars RSDS2016</annotation>
		<flickrid>0</flickrid>
		<database>Lmars Detection Dataset of RS</database>
	</source>
	<object>
		<bndbox>
			<xmin>305</xmin>
			<ymin>98</ymin>
			<ymax>217</ymax>
			<xmax>440</xmax>
		</bndbox>
		<difficult>0</difficult>
		<pose>Left</pose>
		<name>oiltank</name>
		<truncated>1</truncated>
	</object>
	<object>
		<bndbox>
			<xmin>252</xmin>
			<ymin>233</ymin>
			<ymax>359</ymax>
			<xmax>386</xmax>
		</bndbox>
		<difficult>0</difficult>
		<pose>Left</pose>
		<name>oiltank</name>
		<truncated>1</truncated>
	</object>
	<object>
		<bndbox>
			<xmin>200</xmin>
			<ymin>371</ymin>
			<ymax>505</ymax>
			<xmax>336</xmax>
		</bndbox>
		<difficult>0</difficult>
		<pose>Left</pose>
		<name>oiltank</name>
		<truncated>1</truncated>
	</object>
	<object>
		<bndbox>
			<xmin>143</xmin>
			<ymin>520</ymin>
			<ymax>661</ymax>
			<xmax>291</xmax>
		</bndbox>
		<difficult>0</difficult>
		<pose>Left</pose>
		<name>oiltank</name>
		<truncated>1</truncated>
	</object>
	<object>
		<bndbox>
			<xmin>78</xmin>
			<ymin>676</ymin>
			<ymax>815</ymax>
			<xmax>234</xmax>
		</bndbox>
		<difficult>0</difficult>
		<pose>Left</pose>
		<name>oiltank</name>
		<truncated>1</truncated>
	</object>
	<object>
		<bndbox>
			<xmin>447</xmin>
			<ymin>142</ymin>
			<ymax>265</ymax>
			<xmax>586</xmax>
		</bndbox>
		<difficult>0</difficult>
		<pose>Left</pose>
		<name>oiltank</name>
		<truncated>1</truncated>
	</object>
	<object>
		<bndbox>
			<xmin>395</xmin>
			<ymin>281</ymin>
			<ymax>407</ymax>
			<xmax>537</xmax>
		</bndbox>
		<difficult>0</difficult>
		<pose>Left</pose>
		<name>oiltank</name>
		<truncated>1</truncated>
	</object>
	<object>
		<bndbox>
			<xmin>347</xmin>
			<ymin>421</ymin>
			<ymax>559</ymax>
			<xmax>493</xmax>
		</bndbox>
		<difficult>0</difficult>
		<pose>Left</pose>
		<name>oiltank</name>
		<truncated>1</truncated>
	</object>
	<object>
		<bndbox>
			<xmin>297</xmin>
			<ymin>571</ymin>
			<ymax>709</ymax>
			<xmax>440</xmax>
		</bndbox>
		<difficult>0</difficult>
		<pose>Left</pose>
		<name>oiltank</name>
		<truncated>1</truncated>
	</object>
	<object>
		<bndbox>
			<xmin>243</xmin>
			<ymin>722</ymin>
			<ymax>856</ymax>
			<xmax>393</xmax>
		</bndbox>
		<difficult>0</difficult>
		<pose>Left</pose>
		<name>oiltank</name>
		<truncated>1</truncated>
	</object>
	<filename>oiltank_221.jpg</filename>
	<segmented>0</segmented>
	<owner>
		<name>Lmars, Wuhan University</name>
		<flickrid>I do not know</flickrid>
	</owner>
	<folder>RSDS2016</folder>
	<size>
		<width>1083</width>
		<depth>3</depth>
		<height>923</height>
	</size>
</annotation>
