<?xml version="1.0" encoding="utf-8"?>
<annotation>
	<source>
		<image>optic rs image</image>
		<annotation>Lmars RSDS2016</annotation>
		<flickrid>0</flickrid>
		<database>Lmars Detection Dataset of RS</database>
	</source>
	<object>
		<bndbox>
			<xmin>483</xmin>
			<ymin>269</ymin>
			<ymax>341</ymax>
			<xmax>568</xmax>
		</bndbox>
		<difficult>0</difficult>
		<pose>Left</pose>
		<name>oiltank</name>
		<truncated>1</truncated>
	</object>
	<object>
		<bndbox>
			<xmin>583</xmin>
			<ymin>256</ymin>
			<ymax>355</ymax>
			<xmax>690</xmax>
		</bndbox>
		<difficult>0</difficult>
		<pose>Left</pose>
		<name>oiltank</name>
		<truncated>1</truncated>
	</object>
	<object>
		<bndbox>
			<xmin>714</xmin>
			<ymin>262</ymin>
			<ymax>356</ymax>
			<xmax>813</xmax>
		</bndbox>
		<difficult>0</difficult>
		<pose>Left</pose>
		<name>oiltank</name>
		<truncated>1</truncated>
	</object>
	<object>
		<bndbox>
			<xmin>832</xmin>
			<ymin>271</ymin>
			<ymax>362</ymax>
			<xmax>943</xmax>
		</bndbox>
		<difficult>0</difficult>
		<pose>Left</pose>
		<name>oiltank</name>
		<truncated>1</truncated>
	</object>
	<object>
		<bndbox>
			<xmin>852</xmin>
			<ymin>175</ymin>
			<ymax>254</ymax>
			<xmax>933</xmax>
		</bndbox>
		<difficult>0</difficult>
		<pose>Left</pose>
		<name>oiltank</name>
		<truncated>1</truncated>
	</object>
	<object>
		<bndbox>
			<xmin>490</xmin>
			<ymin>449</ymin>
			<ymax>562</ymax>
			<xmax>600</xmax>
		</bndbox>
		<difficult>0</difficult>
		<pose>Left</pose>
		<name>oiltank</name>
		<truncated>1</truncated>
	</object>
	<object>
		<bndbox>
			<xmin>628</xmin>
			<ymin>449</ymin>
			<ymax>565</ymax>
			<xmax>747</xmax>
		</bndbox>
		<difficult>0</difficult>
		<pose>Left</pose>
		<name>oiltank</name>
		<truncated>1</truncated>
	</object>
	<object>
		<bndbox>
			<xmin>771</xmin>
			<ymin>452</ymin>
			<ymax>569</ymax>
			<xmax>886</xmax>
		</bndbox>
		<difficult>0</difficult>
		<pose>Left</pose>
		<name>oiltank</name>
		<truncated>1</truncated>
	</object>
	<filename>oiltank_151.jpg</filename>
	<segmented>0</segmented>
	<owner>
		<name>Lmars, Wuhan University</name>
		<flickrid>I do not know</flickrid>
	</owner>
	<folder>RSDS2016</folder>
	<size>
		<width>1083</width>
		<depth>3</depth>
		<height>923</height>
	</size>
</annotation>
